Datetime,Water Level (m)
2025-05-16 00:00:00,0.30168542
2025-05-16 01:00:00,0.13282272
2025-05-16 02:00:00,0.0035555337
2025-05-16 03:00:00,-0.09983671
2025-05-16 04:00:00,-0.19370651
2025-05-16 05:00:00,-0.27417648
2025-05-16 06:00:00,-0.28397262
2025-05-16 07:00:00,-0.060326897
2025-05-16 08:00:00,0.19606449
2025-05-16 09:00:00,0.4352127
2025-05-16 10:00:00,0.6185685
2025-05-16 11:00:00,0.6970285
2025-05-16 12:00:00,0.5980645
2025-05-16 13:00:00,0.3865091
2025-05-16 14:00:00,0.22913425
2025-05-16 15:00:00,0.11960909
2025-05-16 16:00:00,0.027981149
2025-05-16 17:00:00,-0.055539005
2025-05-16 18:00:00,-0.10767485
2025-05-16 19:00:00,0.006154769
2025-05-16 20:00:00,0.23076172
2025-05-16 21:00:00,0.3957348
2025-05-16 22:00:00,0.50344145
2025-05-16 23:00:00,0.5099539
2025-05-17 00:00:00,0.39267462
2025-05-17 01:00:00,0.2313721
2025-05-17 02:00:00,0.10595497
2025-05-17 03:00:00,-0.0007877016
2025-05-17 04:00:00,-0.096488856
2025-05-17 05:00:00,-0.18356653
2025-05-17 06:00:00,-0.24420086
2025-05-17 07:00:00,-0.15793848
2025-05-17 08:00:00,0.114446074
2025-05-17 09:00:00,0.35458285
2025-05-17 10:00:00,0.5599722
2025-05-17 11:00:00,0.68892807
2025-05-17 12:00:00,0.68378884
2025-05-17 13:00:00,0.53239375
2025-05-17 14:00:00,0.3515386
2025-05-17 15:00:00,0.22352189
2025-05-17 16:00:00,0.13125758
2025-05-17 17:00:00,0.05292419
2025-05-17 18:00:00,-0.013027348
2025-05-17 19:00:00,-0.03919353
2025-05-17 20:00:00,0.11915124
2025-05-17 21:00:00,0.3414121
2025-05-17 22:00:00,0.5011097
2025-05-17 23:00:00,0.5786169
2025-05-18 00:00:00,0.55254644
2025-05-18 01:00:00,0.40814266
2025-05-18 02:00:00,0.25823265
2025-05-18 03:00:00,0.14421248
2025-05-18 04:00:00,0.049617387
2025-05-18 05:00:00,-0.03166681
2025-05-18 06:00:00,-0.107086
2025-05-18 07:00:00,-0.11811058
2025-05-18 08:00:00,0.06364276
2025-05-18 09:00:00,0.30016392
2025-05-18 10:00:00,0.50262374
2025-05-18 11:00:00,0.65757275
2025-05-18 12:00:00,0.73240685
2025-05-18 13:00:00,0.69260657
2025-05-18 14:00:00,0.52571416
2025-05-18 15:00:00,0.36513796
2025-05-18 16:00:00,0.25173396
2025-05-18 17:00:00,0.16036709
2025-05-18 18:00:00,0.07911143
2025-05-18 19:00:00,0.016315268
2025-05-18 20:00:00,0.0070106657
2025-05-18 21:00:00,0.15587746
2025-05-18 22:00:00,0.3287189
2025-05-18 23:00:00,0.4460123
2025-05-19 00:00:00,0.49282065
2025-05-19 01:00:00,0.45610672
2025-05-19 02:00:00,0.3262776
2025-05-19 03:00:00,0.20116231
2025-05-19 04:00:00,0.101572104
2025-05-19 05:00:00,0.017361604
2025-05-19 06:00:00,-0.06136207
2025-05-19 07:00:00,-0.11840659
2025-05-19 08:00:00,-0.10818624
2025-05-19 09:00:00,0.09159394
2025-05-19 10:00:00,0.31658977
2025-05-19 11:00:00,0.51299506
2025-05-19 12:00:00,0.65923977
2025-05-19 13:00:00,0.7229383
2025-05-19 14:00:00,0.6755204
2025-05-19 15:00:00,0.5185821
2025-05-19 16:00:00,0.37187067
2025-05-19 17:00:00,0.26777697
2025-05-19 18:00:00,0.18354777
2025-05-19 19:00:00,0.10716595
2025-05-19 20:00:00,0.048614938
2025-05-19 21:00:00,0.04694287
2025-05-19 22:00:00,0.19213845
2025-05-19 23:00:00,0.37200034
2025-05-20 00:00:00,0.49003375
2025-05-20 01:00:00,0.5468671
2025-05-20 02:00:00,0.52421063
2025-05-20 03:00:00,0.4189773
2025-05-20 04:00:00,0.29405263
2025-05-20 05:00:00,0.19153515
2025-05-20 06:00:00,0.1051915
2025-05-20 07:00:00,0.03293424
2025-05-20 08:00:00,-0.021105323
2025-05-20 09:00:00,-0.028492317
2025-05-20 10:00:00,0.15123166
2025-05-20 11:00:00,0.3764112
2025-05-20 12:00:00,0.564356
2025-05-20 13:00:00,0.6953837
2025-05-20 14:00:00,0.75142175
2025-05-20 15:00:00,0.69829464
2025-05-20 16:00:00,0.5487158
2025-05-20 17:00:00,0.40937975
2025-05-20 18:00:00,0.30465987
2025-05-20 19:00:00,0.21993075
2025-05-20 20:00:00,0.14191127
2025-05-20 21:00:00,0.07775143
2025-05-20 22:00:00,0.05381256
2025-05-20 23:00:00,0.16046123
2025-05-21 00:00:00,0.3586621
2025-05-21 01:00:00,0.49900272
2025-05-21 02:00:00,0.5873832
2025-05-21 03:00:00,0.60937965
2025-05-21 04:00:00,0.5404591
2025-05-21 05:00:00,0.40785694
2025-05-21 06:00:00,0.2910147
2025-05-21 07:00:00,0.1969693
2025-05-21 08:00:00,0.11777188
2025-05-21 09:00:00,0.05849607
2025-05-21 10:00:00,0.048350364
2025-05-21 11:00:00,0.19610657
2025-05-21 12:00:00,0.42213178
2025-05-21 13:00:00,0.60714185
2025-05-21 14:00:00,0.73567814
2025-05-21 15:00:00,0.7864198
2025-05-21 16:00:00,0.72938037
2025-05-21 17:00:00,0.57879144
2025-05-21 18:00:00,0.4373669
2025-05-21 19:00:00,0.3279496
2025-05-21 20:00:00,0.23868926
2025-05-21 21:00:00,0.1543879
2025-05-21 22:00:00,0.076564856
2025-05-21 23:00:00,0.01905613
2025-05-22 00:00:00,0.06774556
